total_subjects,top_subjects,high_subjects,medium_subjects,other_subjects,total_documents,total_cites,avg_cites_per_paper,subjects_in_top_500_count,university_name,cluster
20,0,14,6,0,42248.0,1050795.0,22.959500000000002,14,UNIVERSITE CLAUDE BERNARD LYON 1,1
19,5,7,4,3,38461.0,1264692.0,29.57315789473684,12,GEORGIA INSTITUTE OF TECHNOLOGY,1
13,0,7,4,2,13234.0,341162.0,28.06923076923077,7,UNIVERSITY OF TEXAS DALLAS,1
14,2,6,4,2,22031.0,443170.0,21.56642857142857,8,SOUTH CHINA AGRICULTURAL UNIVERSITY,1
22,2,20,0,0,64708.0,1642920.0,25.737272727272728,22,UTAH SYSTEM OF HIGHER EDUCATION,1
20,0,14,3,3,36031.0,861299.0,24.083000000000006,14,UNIVERSITY OF ILLINOIS CHICAGO HOSPITAL,1
17,0,11,4,2,25033.0,611157.0,22.373529411764707,11,UNIVERSITY OF MANITOBA,1
10,4,2,3,1,22594.0,1459072.0,57.87700000000001,6,DANA-FARBER CANCER INSTITUTE,1
19,2,14,3,0,44172.0,1044919.0,22.391052631578944,16,UNIVERSIDADE DO PORTO,1
19,0,13,6,0,30192.0,742853.0,25.144736842105264,13,LOUISIANA STATE UNIVERSITY SYSTEM,1
21,4,17,0,0,58370.0,1841009.0,31.49523809523809,21,UNIVERSITY OF GRONINGEN,1
15,2,9,3,1,31754.0,759898.0,24.285333333333334,11,DEAKIN UNIVERSITY,1
14,3,7,3,1,19930.0,741138.0,41.69642857142856,10,KING ABDULLAH UNIVERSITY OF SCIENCE & TECHNOLOGY,1
17,0,8,6,3,24605.0,620198.0,25.241764705882353,8,ROYAL MELBOURNE INSTITUTE OF TECHNOLOGY (RMIT),1
11,3,4,2,2,13259.0,1155772.0,66.27272727272728,7,BROAD INSTITUTE,1
16,0,9,5,2,21529.0,541688.0,26.758750000000003,9,AALTO UNIVERSITY,1
18,0,13,4,1,30203.0,841949.0,27.408333333333335,13,CURTIN UNIVERSITY,1
18,4,8,3,3,53511.0,1710461.0,28.831666666666663,12,VANDERBILT UNIVERSITY,1
22,0,16,5,1,51270.0,1372398.0,26.589999999999996,16,UNIVERSITY OF UTAH,1
18,6,7,5,0,39023.0,1294536.0,32.82722222222222,13,UK RESEARCH & INNOVATION (UKRI),1
17,0,6,9,2,22323.0,580199.0,26.658235294117645,6,LINKOPING UNIVERSITY,1
18,0,12,3,3,26982.0,771552.0,25.284999999999997,12,UNIVERSITY OF BERGEN,1
15,0,8,5,2,22913.0,573697.0,23.66,8,WAYNE STATE UNIVERSITY,1
19,0,10,8,1,22514.0,615267.0,27.98578947368421,10,QUEENS UNIVERSITY BELFAST,1
15,0,9,5,1,23720.0,457178.0,19.69,9,COMSATS UNIVERSITY ISLAMABAD (CUI),1
21,7,9,4,1,47638.0,1523716.0,30.05190476190475,16,UNIVERSITY OF MARYLAND COLLEGE PARK,1
21,5,13,3,0,65985.0,1977298.0,27.586190476190467,18,UNIVERSITY OF BARCELONA,1
15,0,6,7,2,15609.0,373998.0,26.642,6,UNIVERSITE FEDERALE TOULOUSE MIDI-PYRENEES (COMUE),1
13,3,5,2,3,44142.0,1427822.0,28.787692307692307,8,CHARITE UNIVERSITATSMEDIZIN BERLIN,1
14,1,6,4,3,15354.0,597770.0,37.60142857142858,7,UNIVERSITY OF CALIFORNIA SANTA CRUZ,1
17,1,10,2,4,39382.0,1031285.0,28.53058823529412,11,MAASTRICHT UNIVERSITY,1
16,3,6,3,4,26593.0,810635.0,27.066249999999997,9,HONG KONG UNIVERSITY OF SCIENCE & TECHNOLOGY,1
20,0,18,2,0,47195.0,1221217.0,23.901500000000002,18,UNIVERSITY OF TENNESSEE SYSTEM,1
19,0,16,3,0,41373.0,1190383.0,27.200526315789478,16,UNIVERSITY OF LIVERPOOL,1
12,4,4,2,2,51648.0,987867.0,18.450833333333332,8,CHINA UNIVERSITY OF GEOSCIENCES,1
21,3,13,5,0,49183.0,1011744.0,23.322380952380957,16,CALIFORNIA STATE UNIVERSITY SYSTEM,1
22,6,11,3,2,55053.0,1987544.0,36.242727272727265,17,UNIVERSITY OF CHICAGO,1
17,1,10,5,1,42403.0,779339.0,17.22,11,LANZHOU UNIVERSITY,1
17,0,9,5,3,39291.0,763893.0,18.888235294117646,9,NAGOYA UNIVERSITY,1
13,6,4,2,1,87997.0,1778877.0,19.05,10,HARBIN INSTITUTE OF TECHNOLOGY,1
15,1,8,4,2,49258.0,705581.0,15.592,9,LOMONOSOV MOSCOW STATE UNIVERSITY,1
18,1,13,2,2,37521.0,1007302.0,26.921666666666667,14,EBERHARD KARLS UNIVERSITY OF TUBINGEN,1
19,2,14,3,0,39705.0,1343877.0,29.65210526315789,16,UNIVERSITY OF GLASGOW,1
18,1,8,7,2,31422.0,583036.0,17.41111111111111,9,SOUTHWEST UNIVERSITY - CHINA,1
16,0,10,4,2,21840.0,546381.0,25.6,10,LA TROBE UNIVERSITY,1
17,0,6,8,3,20844.0,636321.0,33.07764705882353,6,TEMPLE UNIVERSITY,1
19,0,14,4,1,43470.0,896338.0,18.07894736842106,14,CHARLES UNIVERSITY PRAGUE,1
16,0,11,3,2,35696.0,1132684.0,29.428749999999997,11,CASE WESTERN RESERVE UNIVERSITY,1
22,6,14,2,0,60417.0,1600158.0,27.631818181818176,20,LEIBNIZ ASSOCIATION,1
17,5,6,5,1,79367.0,1474010.0,17.76529411764706,11,SOUTHEAST UNIVERSITY - CHINA,1
12,4,5,1,2,54013.0,1140747.0,20.973333333333333,9,BEIJING INSTITUTE OF TECHNOLOGY,1
20,4,12,2,2,50263.0,1569372.0,33.805,16,RADBOUD UNIVERSITY NIJMEGEN,1
17,0,11,4,2,50425.0,968002.0,18.370588235294118,11,UNIVERSITY OF OSAKA,1
19,0,12,7,0,29154.0,664997.0,23.18157894736842,12,UNIVERSITY OF KENTUCKY,1
19,0,15,3,1,61858.0,1328419.0,19.539473684210527,15,YONSEI UNIVERSITY,1
16,3,6,4,3,50185.0,975677.0,20.393125,9,CHINESE ACADEMY OF AGRICULTURAL SCIENCES,1
19,1,12,5,1,37296.0,823136.0,23.025789473684203,13,NORWEGIAN UNIVERSITY OF SCIENCE & TECHNOLOGY (NTNU),1
17,6,6,3,2,31025.0,1485567.0,51.378235294117644,12,LAWRENCE BERKELEY NATIONAL LABORATORY,1
10,3,6,0,1,30719.0,1141027.0,36.787,9,UNIVERSITY OF CALIFORNIA LOS ANGELES MEDICAL CENTER,1
21,4,14,2,1,54463.0,1246143.0,25.47333333333333,18,PURDUE UNIVERSITY,1
16,1,9,3,3,27201.0,784717.0,26.25375,10,UNIVERSITY OF CAPE TOWN,1
19,0,12,7,0,37687.0,880009.0,20.758947368421055,12,UNIVERSITE DE LILLE,1
11,0,8,1,2,19827.0,702743.0,32.68636363636364,8,YESHIVA UNIVERSITY,1
19,0,5,12,2,24459.0,582149.0,21.79,5,UNIVERSITY OF PAVIA,1
15,0,7,6,2,35453.0,591998.0,16.38533333333333,7,NATIONAL YANG MING CHIAO TUNG UNIVERSITY,1
21,3,18,0,0,91290.0,2060304.0,20.15904761904762,21,SEOUL NATIONAL UNIVERSITY (SNU),1
21,4,14,3,0,56738.0,1346245.0,22.200000000000003,18,UNIVERSITE DE MONTPELLIER,1
20,0,14,6,0,41837.0,935146.0,20.2485,14,UNIV LILLE NORD FRANCE COMUE,1
17,0,8,8,1,30646.0,513666.0,17.382352941176467,8,UNIVERSIDADE FEDERAL DO RIO DE JANEIRO,1
20,0,11,9,0,29311.0,693025.0,22.268499999999996,11,PRES EUROPEAN UNIV BRETAGNE,1
19,0,4,12,3,22084.0,509278.0,24.111052631578946,4,UNIVERSITY OF SOUTH CAROLINA SYSTEM,1
18,1,12,3,2,41617.0,1303872.0,30.64944444444445,13,UNIVERSITY OF GENEVA,1
15,0,10,0,5,28333.0,764568.0,31.663333333333338,10,UNIVERSITY OF MARYLAND BALTIMORE,1
20,0,17,3,0,37354.0,993575.0,23.900999999999996,17,UNIVERSITE DE BORDEAUX,1
17,0,10,7,0,24179.0,556263.0,25.325294117647058,10,TECHNION ISRAEL INSTITUTE OF TECHNOLOGY,1
20,3,11,6,0,49675.0,1249161.0,23.886499999999995,14,COMMUNAUTE UNIVERSITE GRENOBLE ALPES,1
17,1,9,5,2,31601.0,682568.0,20.54882352941176,10,EAST CHINA NORMAL UNIVERSITY,1
19,0,8,9,2,27296.0,606059.0,24.478947368421053,8,CITY UNIVERSITY OF NEW YORK (CUNY) SYSTEM,1
18,0,11,6,1,25251.0,702958.0,27.31888888888889,11,STONY BROOK UNIVERSITY,1
12,0,7,5,0,17851.0,538792.0,44.07249999999999,7,LOS ALAMOS NATIONAL LABORATORY,1
17,0,5,10,2,19098.0,520255.0,25.82941176470589,5,UNIVERSITY OF PERUGIA,1
17,0,9,7,1,36634.0,652060.0,17.695882352941176,9,UNIVERSITY OF BELGRADE,1
20,2,18,0,0,51961.0,1299052.0,26.1555,20,RUTGERS UNIVERSITY NEW BRUNSWICK,1
19,3,7,6,3,30356.0,969960.0,31.324210526315788,10,STOCKHOLM UNIVERSITY,1
22,4,15,2,1,55471.0,1487220.0,28.965454545454545,19,UNIVERSITY OF ILLINOIS URBANA-CHAMPAIGN,1
15,0,7,6,2,14192.0,475821.0,32.39399999999999,7,UNIVERSITY OF EAST ANGLIA,1
14,0,7,4,3,21639.0,421001.0,17.000000000000004,7,UNIVERSIDADE FEDERAL DE SAO PAULO (UNIFESP),1
19,0,4,13,2,17640.0,407593.0,24.35315789473684,4,UNIVERSIDADE NOVA DE LISBOA,1
17,0,10,6,1,23160.0,638577.0,25.952352941176468,10,FRIEDRICH SCHILLER UNIVERSITY OF JENA,1
17,0,9,7,1,18602.0,469398.0,25.39352941176471,9,UNIVERSITY OF DELAWARE,1
15,4,5,2,4,57895.0,1137669.0,18.102000000000007,9,DALIAN UNIVERSITY OF TECHNOLOGY,1
20,6,9,3,2,66966.0,2201731.0,31.421000000000003,15,KING'S COLLEGE LONDON,1
22,0,16,6,0,56154.0,1388253.0,24.931818181818176,16,TEL AVIV UNIVERSITY,1
19,1,12,4,2,24162.0,746809.0,30.334736842105265,13,UNIVERSITY OF MASSACHUSETTS AMHERST,1
20,4,16,0,0,53943.0,1327736.0,25.963,20,RUTGERS UNIVERSITY SYSTEM,1
21,4,13,2,2,53062.0,1370842.0,27.995238095238093,17,INDIANA UNIVERSITY SYSTEM,1
22,7,13,2,0,70625.0,1501421.0,23.58409090909091,20,TEXAS A&M UNIVERSITY SYSTEM,1
18,0,8,9,1,27364.0,756338.0,23.712777777777774,8,UNIVERSITY OF DUISBURG ESSEN,1
20,4,12,2,2,82543.0,1649865.0,18.182000000000006,16,TONGJI UNIVERSITY,1
16,0,6,7,3,14773.0,359625.0,25.878124999999997,6,UNIVERSITY OF OKLAHOMA - NORMAN,1
20,4,11,5,0,59532.0,2051159.0,31.760499999999997,15,NANYANG TECHNOLOGICAL UNIVERSITY,1
21,4,14,2,1,56073.0,1266857.0,25.187142857142856,18,PURDUE UNIVERSITY SYSTEM,1
21,4,16,1,0,54614.0,1548458.0,30.477619047619047,20,UNIVERSITY OF HONG KONG,1
18,0,13,4,1,33139.0,767965.0,22.439444444444447,13,HEBREW UNIVERSITY OF JERUSALEM,1
9,0,7,2,0,16255.0,429599.0,28.178888888888892,7,RUTGERS UNIVERSITY BIOMEDICAL & HEALTH SCIENCES,1
20,2,15,3,0,42182.0,1106363.0,23.930999999999997,17,UNIVERSITE TOULOUSE III - PAUL SABATIER,1
18,0,7,10,1,30085.0,580894.0,17.62777777777778,7,UNIVERSIDADE FEDERAL DO RIO GRANDE DO SUL,1
21,7,14,0,0,66331.0,1756662.0,27.018571428571434,21,GHENT UNIVERSITY,1
21,5,13,3,0,60537.0,1633964.0,27.813333333333336,18,AARHUS UNIVERSITY,1
22,0,20,2,0,50067.0,1233537.0,24.717272727272725,20,AUTONOMOUS UNIVERSITY OF BARCELONA,1
19,6,9,4,0,99963.0,1950021.0,17.763684210526314,15,XI'AN JIAOTONG UNIVERSITY,1
11,6,1,3,1,20394.0,1685474.0,75.36818181818182,7,HOWARD HUGHES MEDICAL INSTITUTE,1
20,4,13,2,1,54083.0,1533142.0,29.5065,17,UNIVERSITY OF SOUTHERN CALIFORNIA,1
9,0,6,3,0,16325.0,822410.0,46.534444444444446,6,ACADEMIC MEDICAL CENTER AMSTERDAM,1
11,3,6,1,1,42628.0,1379714.0,28.66727272727273,9,BAYLOR COLLEGE OF MEDICINE,1
19,1,10,5,3,32209.0,837451.0,24.223157894736843,11,UNIVERSITES DE STRASBOURG ETABLISSEMENTS ASSOCIES,1
19,2,12,4,1,48731.0,1568686.0,34.00052631578948,14,LEIDEN UNIVERSITY - EXCL LUMC,1
19,0,4,12,3,22081.0,509227.0,24.11052631578947,4,UNIVERSITY OF SOUTH CAROLINA COLUMBIA,1
20,1,16,3,0,44389.0,945538.0,21.189,17,UNIVERSITY OF MISSOURI SYSTEM,1
22,5,14,3,0,57233.0,1671990.0,26.75090909090909,19,UNIVERSITE PSL,1
16,3,6,6,1,43765.0,880050.0,17.913124999999997,9,JIANGSU UNIVERSITY,1
16,0,9,6,1,16592.0,540296.0,31.696875000000002,9,UNIVERSITY OF ABERDEEN,1
19,4,12,3,0,40313.0,1319285.0,33.51,16,UNIVERSITY OF COLORADO BOULDER,1
20,0,14,5,1,41071.0,921953.0,20.8575,14,UNIVERSITY OF FLORENCE,1
16,1,9,5,1,20596.0,620927.0,31.955624999999998,10,CARNEGIE MELLON UNIVERSITY,1
17,0,7,9,1,34291.0,881608.0,22.690000000000005,7,NATIONAL & KAPODISTRIAN UNIVERSITY OF ATHENS,1
18,0,9,7,2,29428.0,594696.0,18.073333333333338,9,JAGIELLONIAN UNIVERSITY,1
18,0,10,7,1,50006.0,907942.0,17.94888888888889,10,TOHOKU UNIVERSITY,1
18,1,12,4,1,33133.0,1090254.0,29.96277777777778,13,QUEEN MARY UNIVERSITY LONDON,1
13,0,6,5,2,20587.0,560138.0,31.745384615384616,6,RESEARCH CENTER JULICH,1
15,4,6,3,2,75564.0,1071055.0,15.975333333333337,10,NATIONAL INSTITUTE OF TECHNOLOGY (NIT SYSTEM),1
19,0,10,7,2,24236.0,705385.0,30.28473684210526,10,TRINITY COLLEGE DUBLIN,1
14,0,7,5,2,21509.0,411200.0,17.85214285714286,7,NANJING NORMAL UNIVERSITY,1
18,1,9,8,0,38185.0,677087.0,17.55055555555556,10,UNIVERSIDADE ESTADUAL DE CAMPINAS,1
17,0,10,6,1,25615.0,686374.0,24.720588235294116,10,UNIVERSITY OF KIEL,1
9,1,6,2,0,22624.0,759915.0,31.628888888888884,7,KAROLINSKA UNIVERSITY HOSPITAL,1
19,0,10,8,1,32538.0,729705.0,20.00421052631579,10,UNIV NANTES ANGERS LE MANS,1
17,0,12,2,3,22542.0,582184.0,24.24882352941176,12,UNIVERSITY OF OTAGO,1
20,3,10,4,3,49515.0,1361431.0,29.258499999999998,13,CEA,1
9,0,9,0,0,26652.0,950252.0,31.599999999999998,9,OREGON HEALTH & SCIENCE UNIVERSITY,1
9,0,6,3,0,17380.0,612981.0,32.444444444444436,6,ALBERT EINSTEIN COLLEGE OF MEDICINE,1
15,0,7,5,3,27545.0,657869.0,21.442666666666664,7,CATHOLIC UNIVERSITY OF THE SACRED HEART,1
12,0,8,1,3,30491.0,931401.0,27.249166666666667,8,MEDICAL UNIVERSITY OF VIENNA,1
19,1,8,7,3,32453.0,779523.0,20.980526315789472,9,UNIVERSITI MALAYA,1
19,2,12,5,0,45290.0,1269926.0,24.200526315789475,14,UNIVERSITY OF OTTAWA,1
14,3,4,4,3,26380.0,590568.0,23.98071428571429,7,INSTITUT POLYTECHNIQUE DE PARIS,1
20,0,16,4,0,55074.0,1402953.0,25.097,16,UNIVERSITE DE MONTREAL,1
17,0,8,8,1,32068.0,666036.0,20.160588235294117,8,KYUNG HEE UNIVERSITY,1
20,0,11,9,0,28056.0,660122.0,22.083,11,UNIVERSITE DE RENNES,1
15,3,6,4,2,38280.0,835977.0,22.308,9,CHINA AGRICULTURAL UNIVERSITY,1
21,1,20,0,0,55011.0,1341746.0,21.568095238095236,21,UNIVERSITY OF BOLOGNA,1
19,0,19,0,0,53690.0,1198591.0,19.69157894736842,19,NATIONAL TAIWAN UNIVERSITY,1
17,0,5,12,0,31134.0,748053.0,21.984117647058824,5,UNIVERSITY OF GENOA,1
21,2,13,5,1,38729.0,1157345.0,30.789523809523807,15,AUSTRALIAN NATIONAL UNIVERSITY,1
12,5,5,1,1,43353.0,1654968.0,41.894999999999996,10,ICAHN SCHOOL OF MEDICINE AT MOUNT SINAI,1
16,4,4,7,1,55446.0,1075997.0,19.973125,8,UNIVERSITY OF ELECTRONIC SCIENCE & TECHNOLOGY OF CHINA,1
22,9,10,2,1,57398.0,1646879.0,31.470000000000006,19,UNIVERSITY OF TEXAS AUSTIN,1
17,0,9,5,3,20706.0,482995.0,23.63588235294118,9,UNIVERSITY OF TURKU,1
18,0,11,6,1,38004.0,792355.0,21.78666666666667,11,UNITED STATES DEPARTMENT OF DEFENSE,1
21,1,15,4,1,48008.0,1225308.0,25.288095238095234,16,UNIVERSITY OF HAMBURG,1
20,7,5,7,1,57254.0,2066806.0,32.201499999999996,12,WASHINGTON UNIVERSITY (WUSTL),1
20,6,12,2,0,85262.0,1992773.0,21.672999999999995,18,WUHAN UNIVERSITY,1
20,6,12,2,0,96019.0,1725099.0,16.410499999999995,18,SHANDONG UNIVERSITY,1
19,0,13,6,0,39594.0,1055485.0,27.493157894736843,13,TECHNISCHE UNIVERSITAT DRESDEN,1
17,0,6,7,4,21699.0,492546.0,20.97529411764706,6,UNIV CLERMONT AUVERGNE ASSOC,1
21,2,18,1,0,44769.0,1435711.0,31.176666666666662,20,UNIVERSITY OF BRISTOL,1
18,2,9,6,1,34537.0,848466.0,24.80277777777778,11,UNIVERSITY OF WATERLOO,1
12,1,8,1,2,25491.0,941440.0,49.38750000000001,9,BETH ISRAEL DEACONESS MEDICAL CENTER,1
15,0,6,9,0,22221.0,566330.0,22.946000000000005,6,QUEENS UNIVERSITY - CANADA,1
10,1,8,0,1,25880.0,971929.0,37.062000000000005,9,DAVID GEFFEN SCHOOL OF MEDICINE AT UCLA,1
22,6,13,3,0,80431.0,1977018.0,22.344545454545457,19,NANJING UNIVERSITY,1
21,0,19,2,0,54283.0,1507943.0,28.078095238095244,19,LUND UNIVERSITY,1
15,2,8,4,1,22968.0,584864.0,27.172000000000004,10,OREGON STATE UNIVERSITY,1
19,1,12,6,0,29043.0,735194.0,25.925789473684212,13,UNIVERSITY COLLEGE DUBLIN,1
20,1,13,4,2,32740.0,723380.0,23.290000000000006,14,VIRGINIA POLYTECHNIC INSTITUTE & STATE UNIVERSITY,1
15,1,8,1,5,17453.0,504708.0,30.02,9,LANCASTER UNIVERSITY,1
9,3,3,2,1,44724.0,798338.0,17.339999999999996,6,CHINA UNIVERSITY OF PETROLEUM,1
20,7,10,2,1,37556.0,1397972.0,40.79600000000001,17,PRINCETON UNIVERSITY,1
11,4,6,0,1,39521.0,1417906.0,39.158181818181816,10,ERASMUS MC,1
18,0,12,6,0,30169.0,735787.0,23.129444444444445,12,LAVAL UNIVERSITY,1
14,0,7,4,3,13295.0,543012.0,39.68285714285714,7,WEIZMANN INSTITUTE OF SCIENCE,1
22,5,15,1,1,66237.0,1938463.0,27.74045454545455,20,UNIVERSITY OF MUNICH,1
15,6,4,2,3,38035.0,1194846.0,29.767333333333337,10,CNRS - NATIONAL INSTITUTE FOR BIOLOGY (INSB),1
20,3,11,6,0,45347.0,1427033.0,29.239500000000003,14,MCMASTER UNIVERSITY,1
19,1,13,5,0,53539.0,1498763.0,24.231052631578947,14,UNIVERSITY OF ALABAMA SYSTEM,1
19,7,7,5,0,73497.0,1210581.0,16.63736842105263,14,KING SAUD UNIVERSITY,1
20,0,14,6,0,30964.0,693124.0,23.5195,14,UNIVERSITY OF CONNECTICUT,1
18,0,4,13,1,19438.0,472347.0,26.000000000000007,4,VRIJE UNIVERSITEIT BRUSSEL,1
20,1,17,2,0,42998.0,1221691.0,29.526999999999997,18,UNIVERSITY OF NOTTINGHAM,1
19,0,11,8,0,28854.0,659015.0,23.423684210526318,11,UNIVERSITE DE LORRAINE,1
18,0,11,5,2,37425.0,666571.0,18.723333333333336,11,HOKKAIDO UNIVERSITY,1
10,0,7,2,1,31717.0,987054.0,30.916999999999994,7,FEINBERG SCHOOL OF MEDICINE,1
21,0,17,2,2,42309.0,1056816.0,22.56142857142857,17,UNIVERSITY OF TURIN,1
22,6,13,2,1,54827.0,1489296.0,28.569999999999997,19,PENNSYLVANIA STATE UNIVERSITY - UNIVERSITY PARK,1
20,2,18,0,0,65325.0,1631103.0,23.741000000000003,20,UNIVERSITY OF ALBERTA,1
18,0,10,4,4,34217.0,856344.0,24.955,10,UNIVERSITY OF MIAMI,1
20,0,8,10,2,27993.0,680838.0,22.57,8,UNIVERSITY OF ROME TOR VERGATA,1
13,2,4,6,1,25060.0,886616.0,34.51923076923076,6,LONDON SCHOOL OF HYGIENE & TROPICAL MEDICINE,1
17,0,8,6,3,20318.0,513215.0,28.042941176470585,8,STELLENBOSCH UNIVERSITY,1
18,0,9,7,2,23833.0,564200.0,22.08555555555556,9,UNIVERSITA DEGLI STUDI DI BARI ALDO MORO,1
17,0,8,4,5,23096.0,567951.0,21.65058823529412,8,ACADEMIA SINICA - TAIWAN,1
17,0,6,9,2,22341.0,484197.0,22.100588235294122,6,UNIVERSITY OF SASKATCHEWAN,1
18,1,13,3,1,33201.0,858970.0,24.888888888888893,14,UNIVERSITY OF VALENCIA,1
19,1,15,3,0,38717.0,1124993.0,29.20578947368421,16,UNIVERSITY OF SHEFFIELD,1
22,5,15,2,0,60458.0,1335402.0,24.08681818181818,20,TEXAS A&M UNIVERSITY COLLEGE STATION,1
20,0,13,6,1,41248.0,977130.0,24.065999999999995,13,RWTH AACHEN UNIVERSITY,1
19,3,8,5,3,45403.0,1158392.0,20.387894736842107,11,NANKAI UNIVERSITY,1
11,1,6,2,2,33745.0,637099.0,16.764545454545452,7,JIANGNAN UNIVERSITY,1
19,0,8,11,0,28663.0,500391.0,18.326842105263157,8,UNIVERSITY OF SEVILLA,1
16,0,6,10,0,20107.0,433959.0,22.406875,6,TEXAS TECH UNIVERSITY SYSTEM,1
21,0,21,0,0,53269.0,1181491.0,22.635238095238098,21,UNIVERSIDADE DE LISBOA,1
17,0,8,8,1,26529.0,568992.0,19.60470588235294,8,ARISTOTLE UNIVERSITY OF THESSALONIKI,1
12,2,4,5,1,42365.0,1364894.0,30.13166666666667,6,NATIONAL AERONAUTICS & SPACE ADMINISTRATION (NASA),1
19,0,10,8,1,28431.0,767382.0,23.820526315789476,10,AUTONOMOUS UNIVERSITY OF MADRID,1
17,1,11,2,3,36602.0,1086470.0,28.191176470588236,12,UNIVERSITY OF GOTHENBURG,1
15,0,6,8,1,15915.0,298240.0,20.46466666666667,6,AUBURN UNIVERSITY SYSTEM,1
15,0,6,6,3,23022.0,618970.0,24.500666666666667,6,VIRGINIA COMMONWEALTH UNIVERSITY,1
18,2,8,7,1,30868.0,830970.0,27.976666666666667,10,UNIVERSITY OF TECHNOLOGY SYDNEY,1
17,0,4,11,2,25295.0,416086.0,16.89058823529412,4,UNIVERSITY OF ZAGREB,1
18,1,9,5,3,23596.0,636130.0,26.155,10,UNIVERSITY OF HAWAII SYSTEM,1
18,0,10,7,1,20959.0,586339.0,25.915555555555553,10,UNIVERSITY OF LIEGE,1
20,7,11,2,0,60330.0,1815188.0,29.651,18,UNIVERSITY OF ZURICH,1
10,3,4,2,1,43991.0,712728.0,16.950999999999997,7,CHINA UNIVERSITY OF MINING & TECHNOLOGY,1
19,4,10,4,1,52191.0,1652466.0,33.59368421052631,14,LEIDEN UNIVERSITY,1
16,0,10,4,2,28636.0,830657.0,27.746875,10,UNIVERSITY OF ROCHESTER,1
14,3,3,6,2,25389.0,583736.0,23.324999999999996,6,HUAZHONG AGRICULTURAL UNIVERSITY,1
17,1,4,11,1,27227.0,502762.0,18.88823529411765,5,CHINA MEDICAL UNIVERSITY TAIWAN,1
20,3,13,3,1,58723.0,1492224.0,22.847,16,UNIVERSITY OF MILAN,1
15,1,6,5,3,48462.0,916232.0,20.65866666666667,7,PEKING UNION MEDICAL COLLEGE,1
21,1,15,3,2,47235.0,1365927.0,27.797619047619047,16,UNIVERSITY OF BERN,1
17,3,7,4,3,39671.0,1100801.0,23.717647058823534,10,CITY UNIVERSITY OF HONG KONG,1
21,2,18,1,0,62258.0,1589899.0,23.701428571428572,20,UNIVERSITY OF PADUA,1
16,1,8,6,1,23353.0,647253.0,24.606874999999995,9,UNIVERSITY OF WOLLONGONG,1
16,0,7,5,4,16440.0,531919.0,30.041874999999997,7,RICE UNIVERSITY,1
17,1,10,5,1,32769.0,622745.0,17.860000000000003,11,CAIRO UNIVERSITY,1
13,6,3,2,2,76900.0,2456100.0,28.457692307692312,9,ASSISTANCE PUBLIQUE HOPITAUX PARIS (APHP),1
14,0,8,4,2,21184.0,572744.0,26.687142857142852,8,HEINRICH HEINE UNIVERSITY DUSSELDORF,1
21,3,17,1,0,70699.0,1634446.0,21.65619047619048,20,SAPIENZA UNIVERSITY ROME,1
19,0,8,11,0,24871.0,661978.0,25.675263157894737,8,UNIVERSITY OF OKLAHOMA SYSTEM,1
14,1,6,6,1,30893.0,549435.0,17.013571428571428,7,YANGZHOU UNIVERSITY,1
18,0,10,8,0,27643.0,761729.0,26.285555555555558,10,QUEENSLAND UNIVERSITY OF TECHNOLOGY (QUT),1
21,0,20,1,0,43286.0,1376643.0,33.48571428571428,20,UNIVERSITY OF SOUTHAMPTON,1
13,2,6,3,2,24782.0,1115854.0,37.747692307692304,8,NIH NATIONAL CANCER INSTITUTE (NCI),1
20,3,11,6,0,49252.0,1238043.0,23.846999999999998,14,UNIVERSITE GRENOBLE ALPES (UGA),1
16,4,5,6,1,60302.0,1200502.0,17.708125,9,CHONGQING UNIVERSITY,1
18,1,9,7,1,23204.0,614163.0,27.83277777777778,10,WASHINGTON STATE UNIVERSITY,1
18,1,11,4,2,27553.0,628066.0,22.95,12,IOWA STATE UNIVERSITY,1
21,2,17,2,0,48859.0,1324122.0,27.645238095238092,19,UNIVERSITY OF ARIZONA,1
22,1,19,2,0,50628.0,1600280.0,31.330000000000005,20,UNIVERSITY OF BIRMINGHAM,1
17,1,7,4,5,31936.0,761214.0,21.302941176470586,8,SOUTHERN UNIVERSITY OF SCIENCE & TECHNOLOGY,1
20,0,8,10,2,26018.0,468222.0,18.88200000000001,8,UNIVERSITY OF LJUBLJANA,1
18,2,9,7,0,28944.0,744242.0,28.68111111111111,11,GRIFFITH UNIVERSITY,1
17,0,11,3,3,32585.0,880150.0,24.931176470588234,11,UNIVERSITY OF SOUTHERN DENMARK,1
16,0,12,3,1,30374.0,778979.0,24.761249999999997,12,GOETHE UNIVERSITY FRANKFURT,1
18,1,10,3,4,36304.0,868532.0,24.663888888888888,11,DELFT UNIVERSITY OF TECHNOLOGY,1
16,0,7,6,3,17252.0,500854.0,30.3925,7,WESTERN SYDNEY UNIVERSITY,1
13,0,11,0,2,28393.0,476389.0,17.409230769230767,11,OCEAN UNIVERSITY OF CHINA,1
18,1,10,6,1,32027.0,597669.0,19.52388888888889,11,UNIVERSITY OF GRANADA,1
9,0,7,2,0,18633.0,652580.0,32.30888888888889,7,MONTEFIORE MEDICAL CENTER,1
9,0,9,0,0,23236.0,727399.0,30.436666666666675,9,UNIVERSITY OF TEXAS HEALTH SCIENCE CENTER HOUSTON,1
20,1,15,3,1,57858.0,1066888.0,18.275499999999994,16,POLISH ACADEMY OF SCIENCES,1
16,5,5,4,2,66114.0,1288329.0,19.401249999999997,10,CHINESE ACADEMY OF MEDICAL SCIENCES - PEKING UNION MEDICAL COLLEGE,1
9,0,6,3,0,25517.0,670159.0,26.126666666666665,6,UNIVERSITY MEDICAL CENTER HAMBURG-EPPENDORF,1
17,0,8,8,1,27210.0,636562.0,23.267058823529418,8,UNIVERSITY OF KANSAS,1
17,0,10,6,1,21792.0,653320.0,28.13117647058823,10,TUFTS UNIVERSITY,1
9,1,6,2,0,28387.0,916733.0,29.97555555555555,7,COPENHAGEN UNIVERSITY HOSPITAL,1
16,0,4,11,1,20260.0,529536.0,26.49125,4,UNIVERSITY OF NEW MEXICO,1
19,4,12,3,0,52440.0,1168540.0,20.01157894736842,16,XIAMEN UNIVERSITY,1
19,0,13,6,0,22684.0,695307.0,28.988947368421055,13,UNIVERSITE CATHOLIQUE LOUVAIN,1
15,6,5,2,2,60129.0,2603241.0,43.55666666666668,11,BRIGHAM & WOMEN'S HOSPITAL,1
19,1,12,6,0,55500.0,843563.0,14.926842105263159,13,UNIVERSIDAD NACIONAL AUTONOMA DE MEXICO,1
13,0,7,5,1,18715.0,393091.0,20.24538461538462,7,UNIVERSIDADE DE AVEIRO,1
13,1,8,0,4,34926.0,1119816.0,25.57769230769231,9,UNIVERSITY OF ALABAMA BIRMINGHAM,1
20,4,9,6,1,50660.0,1142608.0,19.1265,13,SHENZHEN UNIVERSITY,1
21,3,14,2,2,42453.0,1115445.0,28.664285714285718,17,INDIANA UNIVERSITY BLOOMINGTON,1
22,6,15,1,0,69461.0,2085663.0,29.59818181818182,21,UNIVERSITY OF MANCHESTER,1
18,5,5,4,4,65586.0,1605341.0,19.48611111111111,10,SOUTH CHINA UNIVERSITY OF TECHNOLOGY,1
18,0,8,10,0,24222.0,597057.0,22.386111111111113,8,UNIV PARIS EST COMUE,1
20,0,14,5,1,38078.0,958261.0,23.890499999999996,14,UNIVERSITY OF ERLANGEN NUREMBERG,1
17,0,6,9,2,20444.0,465246.0,25.846470588235295,6,UNIVERSITY OF KWAZULU NATAL,1
15,0,6,7,2,15962.0,549481.0,34.6,6,UNIVERSITY OF SUSSEX,1
19,2,10,6,1,37529.0,1058918.0,28.38157894736842,12,BROWN UNIVERSITY,1
20,2,9,6,3,25725.0,898548.0,34.1125,11,UNIVERSITY OF CALIFORNIA SANTA BARBARA,1
13,8,2,0,3,71563.0,2134662.0,32.308461538461536,10,US DEPARTMENT OF VETERANS AFFAIRS,1
19,3,10,5,1,62621.0,912529.0,14.651052631578947,13,CONSEJO NACIONAL DE INVESTIGACIONES CIENTIFICAS Y TECNICAS (CONICET),1
16,0,10,6,0,23685.0,653462.0,26.884375,10,DALHOUSIE UNIVERSITY,1
20,5,9,5,1,46765.0,1434285.0,30.891000000000002,14,BOSTON UNIVERSITY,1
22,6,12,3,1,76220.0,2362218.0,28.444090909090907,18,UNIVERSITY OF AMSTERDAM,1
13,1,9,2,1,35014.0,693034.0,18.9,10,UNIVERSITY OF TEHRAN,1
17,0,4,12,1,19289.0,432541.0,23.934117647058827,4,JUSTUS LIEBIG UNIVERSITY GIESSEN,1
19,0,15,4,0,32548.0,1029747.0,32.838421052631574,15,CARDIFF UNIVERSITY,1
20,1,19,0,0,44741.0,1359887.0,27.791000000000004,20,CHINESE UNIVERSITY OF HONG KONG,1
21,2,19,0,0,61142.0,1661205.0,27.766190476190477,21,TECHNICAL UNIVERSITY OF MUNICH,1
15,1,7,4,3,43774.0,777570.0,16.755333333333333,8,SOUTHERN MEDICAL UNIVERSITY - CHINA,1
17,6,7,2,2,56886.0,1822846.0,28.601176470588236,13,EMORY UNIVERSITY,1
17,0,10,6,1,28748.0,546373.0,17.867647058823533,10,UNIVERSIDADE FEDERAL DE MINAS GERAIS,1
16,4,8,1,3,32610.0,1385149.0,43.205625,12,HARVARD T.H. CHAN SCHOOL OF PUBLIC HEALTH,1
17,0,9,6,2,21546.0,526366.0,25.179411764705886,9,LOUISIANA STATE UNIVERSITY,1
15,2,6,2,5,39425.0,735375.0,17.517333333333333,8,SHANGHAI UNIVERSITY,1
18,0,8,10,0,25146.0,508882.0,20.365,8,UNIVERSITY OF MISSOURI COLUMBIA,1
9,2,4,3,0,35778.0,1175260.0,30.22333333333334,6,CLEVELAND CLINIC FOUNDATION,1
17,1,8,5,3,23165.0,899977.0,35.61588235294118,9,AGENCY FOR SCIENCE TECHNOLOGY & RESEARCH (A*STAR),1
18,0,11,4,3,27766.0,478916.0,21.22944444444444,11,KYUNGPOOK NATIONAL UNIVERSITY (KNU),1
18,0,4,13,1,21165.0,418330.0,19.397777777777776,4,UNIV CONFEDERALE LEONARD DE VINCI,1
19,3,11,5,0,83060.0,1569863.0,16.232105263157894,14,JILIN UNIVERSITY,1
16,4,5,6,1,57700.0,1268109.0,25.947500000000005,9,UNITED STATES DEPARTMENT OF AGRICULTURE (USDA),1
14,1,5,6,2,20329.0,515274.0,24.51571428571429,6,DURHAM UNIVERSITY,1
18,1,6,9,2,25936.0,561036.0,20.285,7,HUN-REN,1
17,1,9,3,4,28236.0,687595.0,29.63588235294118,10,ROYAL INSTITUTE OF TECHNOLOGY,1
19,5,7,7,0,71793.0,1257528.0,15.801052631578951,12,ISLAMIC AZAD UNIVERSITY,1
19,0,6,12,1,23249.0,665493.0,27.256842105263157,6,UNIVERSITY OF YORK - UK,1
20,0,13,6,1,38357.0,731676.0,19.289500000000004,13,COMPLUTENSE UNIVERSITY OF MADRID,1
21,1,14,3,3,30658.0,736236.0,25.450952380952376,15,UNIVERSITY OF VIENNA,1
21,2,15,4,0,55040.0,1566516.0,26.199047619047615,17,UNIVERSITY OF OSLO,1
21,6,8,3,4,93890.0,2299647.0,20.806666666666665,14,"UNIVERSITY OF SCIENCE & TECHNOLOGY OF CHINA, CAS",1
17,0,10,5,2,30116.0,577597.0,21.114705882352943,10,UNIVERSITY OF QUEBEC,1
20,3,15,2,0,50717.0,1490552.0,28.520999999999997,18,UNIVERSITY OF WESTERN AUSTRALIA,1
15,2,7,2,4,60500.0,1006900.0,18.5,9,CAPITAL MEDICAL UNIVERSITY,1
13,8,2,0,3,68925.0,2066477.0,32.83846153846154,10,VETERANS HEALTH ADMINISTRATION (VHA),1
22,0,19,3,0,51013.0,1413638.0,27.161818181818184,19,UPPSALA UNIVERSITY,1
12,1,6,4,1,18234.0,366593.0,20.031666666666666,7,UNIVERSITI PUTRA MALAYSIA,1
20,5,9,6,0,47559.0,1404024.0,31.0995,14,KING ABDULAZIZ UNIVERSITY,1
21,5,13,2,1,63493.0,1892844.0,27.49666666666667,18,HUMBOLDT UNIVERSITY OF BERLIN,1
18,0,7,8,3,24125.0,632605.0,22.51888888888889,7,UNIVERSITY OF MILANO-BICOCCA,1
17,0,11,3,3,27329.0,838903.0,29.161176470588234,11,UNIVERSITY OF WURZBURG,1
17,6,4,6,1,51414.0,1276862.0,23.825882352941175,10,HONG KONG POLYTECHNIC UNIVERSITY,1
12,4,5,0,3,71791.0,2437362.0,29.47,9,MAYO CLINIC,1
20,5,9,3,3,63217.0,2135100.0,30.594000000000005,14,RUPRECHT KARLS UNIVERSITY HEIDELBERG,1
15,0,9,5,1,18433.0,453865.0,26.10133333333333,9,TECHNICAL UNIVERSITY OF BERLIN,1
15,1,10,2,2,27620.0,782396.0,28.866,11,RIKEN,1
18,1,12,3,2,35166.0,1084092.0,29.85166666666667,13,UNIVERSITY OF BASEL,1
22,4,13,4,1,55121.0,1589059.0,27.89454545454545,17,UNIVERSITY OF HELSINKI,1
14,3,4,4,3,33785.0,713153.0,20.91714285714286,7,NORTHWEST A&F UNIVERSITY - CHINA,1
18,0,12,6,0,35088.0,950485.0,27.49833333333334,12,UNIVERSITY OF FREIBURG,1
19,0,7,12,0,27535.0,675108.0,21.547368421052635,7,UNIV BOURGOGNE FRANCHE-COMTE COMUE,1
18,0,6,7,5,24841.0,610682.0,25.64944444444445,6,GEORGE WASHINGTON UNIVERSITY,1
21,2,17,2,0,68330.0,1518090.0,20.76142857142857,19,KYOTO UNIVERSITY,1
16,8,3,2,3,50685.0,1642634.0,32.50874999999999,11,ERASMUS UNIVERSITY ROTTERDAM,1
11,2,7,0,2,31500.0,1095921.0,37.199090909090906,9,UNIVERSITY HEALTH NETWORK TORONTO,1
15,4,7,2,2,75184.0,1669242.0,17.913333333333338,11,TIANJIN UNIVERSITY,1
21,3,18,0,0,55711.0,1366791.0,22.88095238095238,21,UNIVERSITE DE TOULOUSE,1
16,0,13,2,1,30760.0,932315.0,28.629374999999996,13,UNIVERSITY OF LAUSANNE,1
12,2,8,1,1,30944.0,1085646.0,41.410000000000004,10,UTRECHT UNIVERSITY MEDICAL CENTER,1
18,5,8,4,1,61232.0,1514323.0,23.663333333333334,13,INRAE,1
11,0,9,1,1,29796.0,967986.0,39.102727272727265,9,LEIDEN UNIVERSITY MEDICAL CENTER (LUMC),1
15,1,7,3,4,18682.0,430984.0,24.496,8,UNIVERSITY OF MACAU,1
12,3,5,2,2,56171.0,1116826.0,19.2775,8,BEIHANG UNIVERSITY,1
16,0,8,5,3,37849.0,711612.0,18.585625,8,INSTITUTE OF SCIENCE TOKYO,1
11,2,7,0,2,39623.0,1229164.0,25.920909090909085,9,UNIVERSITY OF COLORADO ANSCHUTZ MEDICAL CAMPUS,1
21,7,9,4,1,74891.0,2301945.0,27.853333333333342,16,UNIVERSITY OF PITTSBURGH,1
19,0,5,12,2,23413.0,454815.0,19.31105263157895,5,UNIVERSIDAD DE CHILE,1
20,6,12,2,0,49182.0,1193958.0,24.964,18,MICHIGAN STATE UNIVERSITY,1
19,1,10,7,1,40054.0,789829.0,19.291052631578943,11,JINAN UNIVERSITY,1
10,3,3,3,1,38523.0,1712890.0,34.519999999999996,6,UTMD ANDERSON CANCER CENTER,1
15,0,8,3,4,18317.0,453462.0,27.714,8,UNIVERSITY OF TWENTE,1
10,1,8,1,0,28560.0,1037524.0,40.01699999999999,9,JOHNS HOPKINS MEDICINE,1
18,0,7,11,0,38398.0,742466.0,18.468888888888888,7,KYUSHU UNIVERSITY,1
12,3,6,1,2,32808.0,1169389.0,38.619166666666665,9,UNIVERSITY OF TEXAS SOUTHWESTERN MEDICAL CENTER,1
20,2,12,4,2,34595.0,969084.0,28.3025,14,UNIVERSITY OF WARWICK,1
20,1,18,1,0,55765.0,1263902.0,21.953000000000003,19,UNIV LYON COMUE,1
11,4,6,0,1,35097.0,1380810.0,42.03363636363636,10,WEILL CORNELL MEDICINE,1
21,1,15,4,1,33597.0,1013830.0,28.245238095238093,16,UNIVERSITY OF GOTTINGEN,1
22,2,18,1,1,43551.0,1315400.0,31.164090909090906,20,UNIVERSITY OF CALIFORNIA IRVINE,1
14,0,9,2,3,23444.0,615986.0,29.294285714285717,9,UNIVERSITY OF NORTH CAROLINA SCHOOL OF MEDICINE,1
19,3,12,4,0,73489.0,1527748.0,16.75368421052632,15,ZHENGZHOU UNIVERSITY,1
17,0,9,7,1,28070.0,597004.0,21.07588235294118,9,UNIVERSITY OF BASQUE COUNTRY,1
19,3,8,5,3,33214.0,682212.0,25.460526315789476,11,UNIVERSITY OF GEORGIA,1
15,5,7,1,2,55264.0,1721115.0,25.432666666666663,12,CIBER - CENTRO DE INVESTIGACION BIOMEDICA EN RED,1
20,1,15,1,3,37750.0,865471.0,23.5135,16,NORTH CAROLINA STATE UNIVERSITY,1
19,3,9,5,2,58793.0,1348005.0,21.096842105263157,12,SOOCHOW UNIVERSITY - CHINA,1
14,2,5,5,2,49943.0,848120.0,16.344285714285714,7,NANJING MEDICAL UNIVERSITY,1
16,0,8,6,2,22555.0,476798.0,22.733749999999997,8,UNIVERSITY OF HOUSTON SYSTEM,1
22,7,15,0,0,65422.0,1763391.0,29.67409090909091,22,UNIVERSITY OF CALIFORNIA DAVIS,1
15,4,5,2,4,41950.0,983288.0,23.638,9,INSTITUT DE RECHERCHE POUR LE DEVELOPPEMENT (IRD),1
17,1,11,3,2,46502.0,886738.0,18.412941176470593,12,CZECH ACADEMY OF SCIENCES,1
15,0,5,9,1,20891.0,655567.0,27.898000000000003,5,ULM UNIVERSITY,1
15,2,6,6,1,42388.0,576135.0,14.285333333333332,8,UNIVERSIDADE ESTADUAL PAULISTA,1
18,0,9,8,1,40212.0,636291.0,16.33388888888889,9,MINIST EDUC,1
19,0,17,2,0,40682.0,1326670.0,30.776842105263157,17,UNIVERSITY OF ADELAIDE,1
19,0,15,4,0,36115.0,959758.0,26.24157894736842,15,UNIVERSITY OF AUCKLAND,1
16,0,8,6,2,22552.0,476756.0,22.734999999999996,8,UNIVERSITY OF HOUSTON,1
16,0,8,7,1,26523.0,644675.0,24.103125,8,LEIPZIG UNIVERSITY,1
14,4,4,3,3,42507.0,1194809.0,25.045714285714286,8,HUNAN UNIVERSITY,1
15,0,6,8,1,15912.0,298224.0,20.466666666666665,6,AUBURN UNIVERSITY,1
16,3,10,2,1,42821.0,853080.0,18.588124999999998,13,BEIJING NORMAL UNIVERSITY,1
14,0,7,5,2,15901.0,368940.0,23.654285714285717,7,UNIVERSITY OF NOTRE DAME,1
20,0,15,2,3,37008.0,888594.0,24.0195,15,UNIVERSITY OF ILLINOIS CHICAGO,1
20,2,16,2,0,53508.0,1412071.0,24.0825,18,AIX-MARSEILLE UNIVERSITE,1
17,0,10,6,1,25401.0,634488.0,24.932352941176475,10,"UNIVERSITY AT BUFFALO, SUNY",1
17,0,10,6,1,18684.0,601156.0,34.24411764705882,10,NORTHEASTERN UNIVERSITY,1
19,2,7,6,4,26646.0,646861.0,24.317894736842103,9,COLORADO STATE UNIVERSITY SYSTEM,1
16,1,9,3,3,29531.0,807777.0,26.753750000000004,10,JOHANNES GUTENBERG UNIVERSITY OF MAINZ,1
15,0,5,9,1,26706.0,588339.0,22.448666666666664,5,RUHR UNIVERSITY BOCHUM,1
15,1,8,4,2,35302.0,718476.0,19.388,9,TEHRAN UNIVERSITY OF MEDICAL SCIENCES,1
19,1,13,5,0,36655.0,869207.0,22.090526315789468,14,UNIVERSITY OF PISA,1
18,0,3,14,1,23094.0,409078.0,19.42388888888889,3,BEN-GURION UNIVERSITY OF THE NEGEV,1
18,1,7,8,2,34803.0,625132.0,18.113888888888894,8,NANCHANG UNIVERSITY,1
15,4,6,4,1,57695.0,1166982.0,21.58,10,COUNCIL OF SCIENTIFIC & INDUSTRIAL RESEARCH (CSIR) - INDIA,1
18,3,9,2,4,33205.0,1133074.0,34.010555555555555,12,ECOLE POLYTECHNIQUE FEDERALE DE LAUSANNE,1
20,2,17,1,0,36928.0,896017.0,28.591,19,UNIVERSITY OF NEBRASKA SYSTEM,1
15,1,7,5,2,34210.0,833418.0,25.33133333333333,8,KARLSRUHE INSTITUTE OF TECHNOLOGY,1
18,0,12,4,2,34240.0,886800.0,26.532777777777778,12,UNIVERSITY OF CINCINNATI,1
20,5,9,4,2,55216.0,1744467.0,32.129,14,VRIJE UNIVERSITEIT AMSTERDAM,1
19,1,15,3,0,47397.0,1268481.0,25.476842105263156,16,UNIVERSITY OF CALGARY,1
13,2,5,4,2,44806.0,1053416.0,23.68769230769231,7,CNRS - INSTITUTE OF CHEMISTRY (INC),1
19,2,7,6,4,26373.0,640805.0,24.244210526315793,9,COLORADO STATE UNIVERSITY FORT COLLINS,1
18,3,10,3,2,37203.0,1507816.0,43.51777777777778,13,CALIFORNIA INSTITUTE OF TECHNOLOGY,1
19,1,12,6,0,28261.0,800705.0,32.53842105263158,13,UNIVERSITY OF ANTWERP,1
19,0,15,4,0,33628.0,1042519.0,30.778421052631582,15,NEWCASTLE UNIVERSITY - UK,1
17,1,9,7,0,23551.0,671157.0,30.591764705882355,10,UNIVERSITY OF NEWCASTLE,1
19,0,11,7,1,28178.0,667131.0,23.159999999999997,11,UNIVERSITY OF SOUTH FLORIDA,1
15,0,8,6,1,15166.0,692916.0,41.93,8,ICREA,1
9,0,6,3,0,23765.0,582671.0,26.736666666666665,6,SACKLER FACULTY OF MEDICINE,1
10,1,6,2,1,20798.0,933227.0,43.053000000000004,7,GERMAN CANCER RESEARCH CENTER (DKFZ),1
19,1,11,6,1,52511.0,1156098.0,18.94473684210526,12,SUNGKYUNKWAN UNIVERSITY (SKKU),1
18,0,10,4,4,30208.0,795977.0,24.56666666666667,10,UNIVERSITE DE STRASBOURG,1
18,0,13,5,0,37170.0,901537.0,24.25333333333333,13,WESTERN UNIVERSITY (UNIVERSITY OF WESTERN ONTARIO),1
18,0,6,12,0,25422.0,549730.0,22.352777777777778,6,UNIVERSIDADE DE COIMBRA,1
12,2,5,4,1,24794.0,793040.0,30.846666666666675,7,OAK RIDGE NATIONAL LABORATORY,1
19,0,6,13,0,24607.0,485876.0,20.803684210526317,6,UNIVERSITY OF ARKANSAS SYSTEM,1
22,3,13,3,3,40904.0,991417.0,25.852272727272734,16,ARIZONA STATE UNIVERSITY,1
17,4,8,1,4,31094.0,1019110.0,32.15941176470588,12,COMMONWEALTH SCIENTIFIC & INDUSTRIAL RESEARCH ORGANISATION (CSIRO),1
14,0,7,6,1,19439.0,425427.0,21.09142857142857,7,UNIVERSITI SAINS MALAYSIA,1
20,2,14,3,1,35948.0,1123686.0,36.804,16,TECHNICAL UNIVERSITY OF DENMARK,1
19,1,13,4,1,52876.0,1141602.0,19.28684210526316,14,KOREA UNIVERSITY,1
17,4,5,7,1,35096.0,1165632.0,34.27,9,WAGENINGEN UNIVERSITY & RESEARCH,1
16,0,7,6,3,20144.0,701749.0,29.5875,7,UNIVERSITY OF LEICESTER,1
12,3,6,3,0,28375.0,926489.0,37.51416666666666,9,JOHNS HOPKINS BLOOMBERG SCHOOL OF PUBLIC HEALTH,1
19,0,13,4,2,30860.0,836439.0,26.045263157894738,13,UNIVERSITY OF MUNSTER,1
16,0,8,8,0,35180.0,704463.0,19.403125,8,QINGDAO UNIVERSITY,1
18,2,11,3,2,33541.0,856168.0,27.159444444444446,13,ARIZONA STATE UNIVERSITY-TEMPE,1
11,0,6,3,2,27798.0,824696.0,26.59727272727272,6,NSW HEALTH,1
17,1,7,4,5,35413.0,752753.0,20.297647058823525,8,HANYANG UNIVERSITY,1
21,2,17,1,1,37373.0,1058444.0,30.158095238095235,19,UNIVERSITY OF BONN,1
17,0,12,3,2,30936.0,782411.0,22.389999999999997,12,UNIVERSITY OF TENNESSEE KNOXVILLE,1
22,4,18,0,0,53132.0,1574968.0,31.305454545454552,22,UNIVERSITY OF MASSACHUSETTS SYSTEM,1
17,0,9,6,2,22701.0,669450.0,29.428235294117645,9,UNIVERSITE LIBRE DE BRUXELLES,1
21,8,10,2,1,65596.0,1901568.0,25.409999999999997,18,FREE UNIVERSITY OF BERLIN,1
19,3,11,5,0,41548.0,1134055.0,26.75578947368421,14,UNIVERSITY OF LEEDS,1
11,4,5,1,1,29023.0,1053891.0,47.08454545454546,9,BOSTON CHILDREN'S HOSPITAL,1
18,1,9,6,2,26833.0,651128.0,26.65611111111111,10,MACQUARIE UNIVERSITY,1
21,0,13,7,1,39359.0,1130766.0,28.38428571428571,13,UNIVERSITY OF VIRGINIA,1
16,0,4,11,1,27048.0,456100.0,17.085,4,NATIONAL CHENG KUNG UNIVERSITY,1
18,1,11,4,2,20625.0,533355.0,35.288888888888884,12,UNIVERSITY OF NEBRASKA LINCOLN,1
17,0,12,3,2,32249.0,851038.0,25.11,12,UNIVERSITY OF COLOGNE,1
19,0,13,4,2,36525.0,908222.0,24.72,13,UNIVERSITY OF IOWA,1
20,3,16,1,0,51508.0,1191528.0,21.897,19,UNIVERSITY OF NAPLES FEDERICO II,1
14,1,6,3,4,28839.0,712072.0,26.513571428571424,7,KOREA ADVANCED INSTITUTE OF SCIENCE & TECHNOLOGY (KAIST),1
17,0,6,10,1,25943.0,479203.0,16.554705882352938,6,UNIVERSITY OF BUENOS AIRES,1
16,1,6,8,1,24581.0,566675.0,24.240625,7,FLORIDA STATE UNIVERSITY,1
17,0,10,5,2,20112.0,588370.0,28.561764705882354,10,UNIVERSITY OF CALIFORNIA RIVERSIDE,1
19,2,11,3,3,29974.0,918685.0,29.46631578947369,13,UNIVERSITY OF EXETER,1
13,0,9,1,3,21458.0,475476.0,20.24692307692308,9,INSTITUTO DE SALUD CARLOS III,1
